id_solicitud,edad,ciudad,estrato,ingreso_mensual,antiguedad_laboral_meses,num_creditos_activos,utilizacion_cupo,mora_maxima_12m,num_consultas_6m,dti,default
SC-000000,35,Bogota,2,1000000.0,128,2,0.35,60,5,0.298,0
SC-000001,28,Bogota,1,1118000.0,278,2,0.306,30,2,0.156,0
SC-000002,37,Barranquilla,2,2023000.0,61,1,0.122,0,2,0.142,0
SC-000003,48,Barranquilla,3,1000000.0,16,5,0.28,0,4,0.748,1
SC-000004,27,Bogota,5,1000000.0,101,3,0.06,150,1,0.33,0
SC-000005,27,Bucaramanga,4,1428000.0,2,4,0.1,0,3,0.213,0
SC-000006,48,Bogota,4,1000000.0,12,3,0.177,0,7,0.174,0
SC-000007,39,Cali,3,1000000.0,109,0,0.372,0,1,0.0,0
SC-000008,24,Barranquilla,6,1000000.0,14,3,0.169,90,1,0.272,0
SC-000009,36,Bucaramanga,3,1000000.0,11,1,0.137,90,2,0.111,0
SC-000010,24,Barranquilla,1,1000000.0,7,0,0.205,0,0,0.0,0
SC-000011,24,Bucaramanga,4,1000000.0,94,3,0.196,90,4,0.43,1
SC-000012,32,Medellín,2,1687000.0,33,3,0.627,0,3,0.31,0
SC-000013,18,Bucaramanga,3,2116000.0,53,1,0.198,0,3,0.119,0
SC-000014,18,Bogota,4,1456000.0,13,1,0.533,60,1,0.14,0
SC-000015,23,Bucaramanga,5,1000000.0,68,4,0.202,90,1,0.259,0
SC-000016,18,Cali,3,1000000.0,68,0,0.489,0,1,0.0,0
SC-000017,33,Bucaramanga,4,1000000.0,17,2,0.127,0,8,0.121,0
SC-000018,19,Medellín,6,1410000.0,25,3,0.559,60,0,0.192,0
SC-000019,18,Barranquilla,2,1470000.0,11,1,0.24,60,3,0.101,0
SC-000020,47,Cali,3,1000000.0,180,0,0.094,90,2,0.0,0
SC-000021,27,Cartagena,3,1034000.0,49,3,0.459,0,6,0.277,1
SC-000022,30,Bogota,3,1295000.0,130,2,0.14,150,4,0.296,1
SC-000023,18,Bogota,3,2358000.0,17,1,0.277,180,2,0.066,1
SC-000024,23,Bogota,6,1503000.0,73,2,0.381,0,1,0.208,0
SC-000025,31,Bogota,4,1581000.0,69,1,0.09,60,2,0.06,0
SC-000026,18,Bucaramanga,4,1035000.0,56,0,0.018,0,2,0.0,0
SC-000027,34,Bogota,3,2295000.0,161,2,0.391,0,1,0.206,0
SC-000028,22,Bucaramanga,5,1259000.0,24,0,0.204,30,1,0.0,0
SC-000029,26,Medellín,6,1000000.0,6,2,0.058,0,2,0.178,1
SC-000030,22,Bogota,5,2285000.0,53,2,0.274,0,4,0.113,0
SC-000031,52,Cartagena,1,1497000.0,62,0,0.183,90,1,0.0,0
SC-000032,29,Barranquilla,4,1000000.0,41,4,0.208,0,1,0.258,0
SC-000033,18,Cali,1,1000000.0,11,1,0.19,0,4,0.073,0
SC-000034,39,Cali,3,1176000.0,33,0,0.46,120,5,0.0,1
SC-000035,18,Barranquilla,1,1300000.0,17,0,0.338,0,1,0.0,1
SC-000036,32,Bogota,4,1108000.0,26,4,0.097,0,1,0.386,0
SC-000037,18,Bucaramanga,4,1187000.0,49,0,0.054,0,3,0.0,0
SC-000038,18,Bucaramanga,2,2730000.0,65,4,0.466,0,1,0.369,0
SC-000039,32,Barranquilla,3,1873000.0,12,1,0.768,30,3,0.052,1
SC-000040,38,Bogota,3,1104000.0,24,3,0.234,60,0,0.446,0
SC-000041,32,Barranquilla,3,1732000.0,15,2,0.259,0,1,0.173,0
SC-000042,28,Bogota,2,1000000.0,10,1,0.307,60,4,0.128,1
SC-000043,26,Bogota,3,1250000.0,73,1,0.327,0,2,0.083,0
SC-000044,18,Bogota,5,2916000.0,115,1,0.211,0,1,0.098,0
SC-000045,21,Medellín,1,1000000.0,22,2,0.378,30,2,0.178,0
SC-000046,24,Bucaramanga,1,1000000.0,66,3,0.253,30,1,0.253,1
SC-000047,42,Barranquilla,3,1000000.0,109,1,0.076,0,0,0.052,0
SC-000048,34,Cartagena,6,1000000.0,89,0,0.416,0,2,0.0,1
SC-000049,18,Medellín,4,1000000.0,9,3,0.193,0,4,0.417,0
SC-000050,33,Medellín,4,1000000.0,150,3,0.305,0,7,0.357,1
SC-000051,25,Medellín,3,1000000.0,22,1,0.461,0,5,0.065,0
SC-000052,21,Bucaramanga,4,1000000.0,19,1,0.346,30,2,0.109,1
SC-000053,37,Bogota,1,1692000.0,3,3,0.517,0,2,0.418,1
SC-000054,42,Bucaramanga,4,1000000.0,31,2,0.447,60,2,0.24,0
SC-000055,41,Cali,6,2450000.0,5,4,0.432,0,2,0.259,0
SC-000056,19,Medellín,4,1338000.0,13,1,0.253,0,3,0.137,0
SC-000057,26,Barranquilla,5,1827000.0,18,0,0.124,0,3,0.0,1
SC-000058,33,Cali,4,1000000.0,79,0,0.063,0,5,0.0,0
SC-000059,41,Bucaramanga,2,1644000.0,100,0,0.358,90,7,0.0,0
SC-000060,24,Bucaramanga,6,1000000.0,17,2,0.352,0,2,0.27,1
SC-000061,27,Medellín,1,1680000.0,93,0,0.07,0,3,0.0,0
SC-000062,18,Bogota,4,1092000.0,93,1,0.187,60,3,0.143,1
SC-000063,18,Cali,2,1372000.0,69,0,0.108,30,2,0.0,1
SC-000064,39,Bucaramanga,1,1000000.0,7,1,0.493,0,0,0.142,0
SC-000065,46,Bogota,3,1000000.0,56,3,0.149,0,1,0.166,0
SC-000066,29,Cali,3,1409000.0,139,3,0.545,30,3,0.23,0
SC-000067,42,Barranquilla,3,1000000.0,55,0,0.411,150,3,0.0,1
SC-000068,34,Cartagena,4,1300000.0,19,5,0.027,90,2,0.49,0
SC-000069,22,Bogota,1,1000000.0,33,5,0.585,0,3,0.552,0
SC-000070,34,Barranquilla,2,1638000.0,49,1,0.048,180,2,0.098,0
SC-000071,48,Bucaramanga,4,1000000.0,34,4,0.362,0,4,0.574,1
SC-000072,29,Bogota,3,1371000.0,6,1,0.445,0,4,0.074,1
SC-000073,48,Bogota,4,1433000.0,17,3,0.416,60,1,0.232,0
SC-000074,18,Bucaramanga,4,1000000.0,77,2,0.088,0,3,0.284,0
SC-000075,39,Bogota,5,1396000.0,94,0,0.472,0,5,0.0,0
SC-000076,31,Bucaramanga,4,1151000.0,7,2,0.337,0,1,0.222,0
SC-000077,26,Cali,3,1000000.0,146,2,0.195,0,1,0.236,1
SC-000078,31,Bogota,4,1000000.0,19,0,0.151,30,2,0.0,0
SC-000079,18,Bucaramanga,3,1000000.0,52,2,0.34,30,2,0.239,0
SC-000080,27,Medellín,3,1214000.0,66,2,0.359,0,1,0.135,0
SC-000081,34,Cali,5,1000000.0,80,2,0.085,0,6,0.271,0
SC-000082,47,Medellín,3,1043000.0,139,0,0.37,120,1,0.0,0
SC-000083,23,Cali,5,1000000.0,18,4,0.448,60,3,0.36,1
SC-000084,20,Bogota,5,1480000.0,93,3,0.077,0,3,0.173,0
SC-000085,23,Medellín,5,1000000.0,6,2,0.417,150,2,0.209,1
SC-000086,40,Bucaramanga,6,1000000.0,58,2,0.464,30,2,0.234,0
SC-000087,33,Bogota,3,1527000.0,65,1,0.199,0,0,0.144,0
SC-000088,23,Barranquilla,3,1204000.0,54,2,0.64,0,3,0.248,1
SC-000089,36,Medellín,4,1190000.0,13,0,0.155,0,6,0.0,0
SC-000090,31,Cartagena,3,1305000.0,99,3,0.206,30,2,0.43,0
SC-000091,41,Bogota,4,1000000.0,8,1,0.156,0,0,0.098,1
SC-000092,21,Bucaramanga,4,1550000.0,2,2,0.589,0,4,0.212,0
SC-000093,26,Medellín,4,1422000.0,60,0,0.234,0,0,0.0,0
SC-000094,25,Bogota,3,1000000.0,30,0,0.213,120,1,0.0,0
SC-000095,18,Bogota,2,1000000.0,90,4,0.129,0,4,0.535,0
SC-000096,33,Bogota,3,1000000.0,23,2,0.536,90,3,0.137,1
SC-000097,33,Cali,2,1000000.0,8,2,0.157,120,0,0.211,0
SC-000098,30,Medellín,5,1203000.0,86,3,0.173,0,1,0.367,0
SC-000099,27,Bucaramanga,3,2324000.0,38,4,0.039,0,6,0.562,0
SC-000100,18,Medellín,2,1884000.0,10,2,0.163,0,2,0.277,0
SC-000101,24,Bogota,1,1000000.0,61,1,0.084,90,4,0.101,1
SC-000102,25,Cali,4,1430000.0,34,0,0.255,0,0,0.0,0
SC-000103,20,Barranquilla,4,2186000.0,44,0,0.402,0,3,0.0,0
SC-000104,28,Bogota,3,1242000.0,29,2,0.189,0,5,0.194,1
SC-000105,34,Bogota,1,1895000.0,84,2,0.208,0,2,0.281,0
SC-000106,52,Bogota,3,3293000.0,84,0,0.108,120,5,0.0,0
SC-000107,32,Cartagena,3,1820000.0,59,5,0.59,30,1,0.698,1
SC-000108,33,Barranquilla,4,1143000.0,5,0,0.526,90,3,0.0,1
SC-000109,29,Medellín,4,1843000.0,87,0,0.411,0,1,0.0,0
SC-000110,18,Bucaramanga,3,1074000.0,53,2,0.392,0,1,0.29,0
SC-000111,29,Bucaramanga,2,1000000.0,57,0,0.111,150,2,0.0,0
SC-000112,30,Cali,6,1000000.0,21,2,0.347,0,5,0.204,0
SC-000113,59,Bucaramanga,3,2516000.0,101,2,0.33,120,1,0.256,0
SC-000114,27,Bogota,4,1000000.0,62,1,0.36,0,4,0.106,0
SC-000115,33,Bogota,2,2469000.0,5,1,0.034,0,1,0.149,1
SC-000116,29,Bogota,3,1329000.0,25,2,0.163,30,3,0.191,1
SC-000117,18,Bogota,1,1000000.0,104,3,0.106,150,2,0.364,1
SC-000118,43,Cali,4,1228000.0,2,1,0.155,150,1,0.129,1
SC-000119,39,Bucaramanga,6,1000000.0,156,3,0.193,0,2,0.298,0
SC-000120,39,Bogota,3,1433000.0,54,4,0.28,0,1,0.543,0
SC-000121,19,Bogota,1,1675000.0,47,2,0.351,0,1,0.209,1
SC-000122,46,Medellín,1,1000000.0,15,1,0.522,30,2,0.091,1
SC-000123,18,Bucaramanga,3,1060000.0,13,3,0.136,30,3,0.182,0
SC-000124,37,Medellín,2,3180000.0,136,2,0.405,0,0,0.179,0
SC-000125,56,Cali,1,1000000.0,17,1,0.272,120,1,0.123,0
SC-000126,18,Bogota,5,1000000.0,71,3,0.047,30,1,0.426,1
SC-000127,23,Bogota,3,2395000.0,23,0,0.295,60,5,0.0,0
SC-000128,31,Bucaramanga,3,3196000.0,7,3,0.501,0,1,0.257,0
SC-000129,23,Bucaramanga,6,1000000.0,0,1,0.486,0,1,0.065,0
SC-000130,18,Bogota,2,1806000.0,37,3,0.22,150,1,0.357,0
SC-000131,30,Bucaramanga,6,2202000.0,178,0,0.254,0,4,0.0,0
SC-000132,18,Barranquilla,3,1000000.0,22,2,0.399,90,2,0.228,1
SC-000133,35,Bucaramanga,5,1000000.0,21,2,0.364,120,3,0.223,0
SC-000134,18,Medellín,4,2061000.0,20,3,0.304,30,1,0.316,0
SC-000135,48,Cali,5,2706000.0,35,1,0.188,0,1,0.059,0
SC-000136,20,Cali,6,1380000.0,27,4,0.452,0,1,0.492,1
SC-000137,26,Barranquilla,3,1000000.0,101,1,0.181,0,2,0.11,0
SC-000138,39,Bogota,6,3244000.0,33,1,0.444,0,6,0.116,0
SC-000139,18,Bogota,3,1000000.0,34,0,0.112,0,2,0.0,0
SC-000140,32,Medellín,3,1000000.0,7,3,0.376,0,8,0.385,0
SC-000141,45,Barranquilla,3,1209000.0,194,0,0.107,0,5,0.0,1
SC-000142,18,Bogota,4,2502000.0,13,2,0.428,0,3,0.285,0
SC-000143,32,Barranquilla,2,1644000.0,3,0,0.528,0,5,0.0,0
SC-000144,33,Bucaramanga,4,1263000.0,52,2,0.274,0,0,0.216,0
SC-000145,39,Bogota,4,1300000.0,43,2,0.368,0,1,0.122,1
SC-000146,18,Barranquilla,5,1011000.0,25,4,0.502,30,4,0.384,1
SC-000147,18,Medellín,5,1376000.0,26,4,0.473,0,1,0.515,0
SC-000148,36,Bucaramanga,3,1000000.0,73,3,0.155,0,0,0.158,0
SC-000149,33,Bogota,3,1000000.0,10,4,0.223,30,1,0.223,1
SC-000150,33,Barranquilla,3,1138000.0,82,0,0.563,60,2,0.0,0
SC-000151,34,Bucaramanga,2,1000000.0,50,3,0.261,0,0,0.369,0
SC-000152,21,Bucaramanga,1,1241000.0,26,1,0.365,30,5,0.1,0
SC-000153,32,Barranquilla,3,1000000.0,29,0,0.2,120,3,0.0,1
SC-000154,33,Cali,3,2823000.0,14,0,0.279,60,4,0.0,0
SC-000155,21,Cali,6,2530000.0,66,4,0.585,0,1,0.493,1
SC-000156,52,Bucaramanga,4,1000000.0,34,2,0.219,30,3,0.164,0
SC-000157,35,Cali,3,1000000.0,18,0,0.274,0,1,0.0,0
SC-000158,18,Bogota,4,1000000.0,43,3,0.236,0,2,0.346,0
SC-000159,37,Bucaramanga,2,1000000.0,261,0,0.449,150,5,0.0,0
SC-000160,18,Barranquilla,3,1107000.0,27,1,0.342,0,2,0.086,1
SC-000161,39,Barranquilla,4,1000000.0,121,2,0.189,120,2,0.228,1
SC-000162,43,Bogota,3,1000000.0,20,2,0.07,0,5,0.154,0
SC-000163,20,Barranquilla,3,1431000.0,2,1,0.287,180,1,0.129,1
SC-000164,41,Medellín,6,1436000.0,10,4,0.423,0,3,0.292,1
SC-000165,34,Barranquilla,5,1000000.0,26,1,0.254,0,2,0.066,0
SC-000166,39,Bogota,4,1685000.0,11,2,0.367,0,3,0.256,0
SC-000167,52,Barranquilla,4,1000000.0,0,3,0.271,0,4,0.362,0
SC-000168,27,Bucaramanga,4,1146000.0,118,0,0.401,0,3,0.0,0
SC-000169,20,Bogota,2,1611000.0,89,2,0.463,60,5,0.123,1
SC-000170,19,Bucaramanga,3,1000000.0,65,1,0.053,0,1,0.134,0
SC-000171,20,Medellín,1,1293000.0,8,3,0.222,60,1,0.383,1
SC-000172,29,Bucaramanga,3,1000000.0,6,1,0.227,0,1,0.083,1
SC-000173,34,Cartagena,4,1000000.0,3,2,0.258,0,1,0.232,0
SC-000174,33,Cali,2,1000000.0,61,2,0.139,150,2,0.125,1
SC-000175,39,Cartagena,6,1000000.0,126,1,0.33,0,3,0.101,0
SC-000176,30,Bucaramanga,6,1000000.0,27,2,0.17,30,4,0.104,1
SC-000177,47,Medellín,4,1000000.0,6,5,0.285,30,3,0.446,0
SC-000178,26,Medellín,4,1000000.0,34,2,0.25,0,1,0.115,0
SC-000179,62,Barranquilla,5,1000000.0,20,3,0.116,90,6,0.293,0
SC-000180,37,Bucaramanga,2,1000000.0,22,1,0.207,30,1,0.092,0
SC-000181,19,Cartagena,5,1000000.0,46,2,0.4,0,1,0.189,1
SC-000182,18,Cartagena,2,1000000.0,60,2,0.179,90,4,0.109,0
SC-000183,35,Medellín,5,1313000.0,5,0,0.343,0,4,0.0,0
SC-000184,27,Bucaramanga,3,1664000.0,1,2,0.278,0,3,0.251,1
SC-000185,38,Bogota,5,1000000.0,248,1,0.052,120,2,0.087,0
SC-000186,35,Cali,6,1000000.0,12,1,0.062,30,2,0.122,0
SC-000187,29,Bogota,2,1000000.0,2,2,0.114,60,3,0.174,1
SC-000188,19,Medellín,3,1000000.0,10,1,0.102,30,2,0.092,0
SC-000189,18,Medellín,6,1000000.0,1,2,0.735,60,2,0.213,0
SC-000190,24,Medellín,3,1000000.0,23,1,0.385,120,4,0.145,0
SC-000191,40,Barranquilla,5,1000000.0,77,1,0.232,0,2,0.061,0
SC-000192,32,Medellín,4,1000000.0,20,1,0.238,0,2,0.053,0
SC-000193,18,Medellín,3,1098000.0,28,2,0.204,0,2,0.222,0
SC-000194,32,Bogota,3,1407000.0,54,1,0.419,30,1,0.145,1
SC-000195,34,Medellín,2,1000000.0,34,1,0.188,0,3,0.149,0
SC-000196,19,Bogota,5,1000000.0,94,2,0.244,0,4,0.197,0
SC-000197,31,Bogota,3,1000000.0,96,2,0.397,0,4,0.194,1
SC-000198,30,Cali,4,1000000.0,0,1,0.221,150,2,0.114,0
SC-000199,18,Barranquilla,3,1000000.0,72,1,0.077,30,2,0.106,0
SC-000200,34,Cali,4,1389000.0,29,0,0.551,0,3,0.0,0
SC-000201,36,Medellín,5,1000000.0,215,3,0.305,0,3,0.412,0
SC-000202,42,Medellín,6,1000000.0,31,2,0.388,0,8,0.249,1
SC-000203,42,Bucaramanga,3,1180000.0,208,3,0.383,0,2,0.299,0
SC-000204,18,Cali,5,1099000.0,67,1,0.427,0,1,0.096,0
SC-000205,18,Medellín,5,4955000.0,13,0,0.124,90,6,0.0,0
SC-000206,36,Bogota,4,1215000.0,37,0,0.093,180,5,0.0,0
SC-000207,36,Medellín,6,1000000.0,232,4,0.555,0,4,0.383,0
SC-000208,36,Medellín,2,1000000.0,93,0,0.322,0,3,0.0,0
SC-000209,75,Medellín,2,1000000.0,4,1,0.006,0,2,0.067,0
SC-000210,36,Cali,5,1000000.0,58,2,0.324,0,3,0.198,1
SC-000211,43,Cali,3,1000000.0,20,0,0.107,0,2,0.0,0
SC-000212,41,Cali,5,1705000.0,0,0,0.174,0,2,0.0,0
SC-000213,37,Cartagena,5,1000000.0,24,4,0.283,0,6,0.409,0
SC-000214,26,Bucaramanga,1,1000000.0,12,1,0.184,60,4,0.084,1
SC-000215,39,Barranquilla,5,1000000.0,82,2,0.552,30,3,0.121,0
SC-000216,20,Bucaramanga,3,2795000.0,19,2,0.085,30,5,0.292,0
SC-000217,27,Bogota,4,1000000.0,84,3,0.373,0,3,0.406,1
SC-000218,24,Bogota,4,2957000.0,0,0,0.27,90,1,0.0,0
SC-000219,30,Bogota,6,1605000.0,17,1,0.107,150,3,0.122,1
SC-000220,57,Barranquilla,1,1315000.0,13,2,0.446,0,2,0.17,0
SC-000221,18,Bucaramanga,3,1228000.0,12,1,0.313,0,1,0.149,0
SC-000222,38,Bogota,4,1247000.0,3,1,0.074,0,2,0.08,0
SC-000223,18,Bucaramanga,4,1000000.0,9,1,0.375,0,2,0.074,0
SC-000224,24,Bogota,4,1000000.0,38,3,0.183,0,1,0.32,1
SC-000225,43,Bucaramanga,2,1635000.0,16,0,0.537,0,2,0.0,0
SC-000226,30,Medellín,3,1000000.0,25,0,0.408,0,4,0.0,0
SC-000227,18,Bogota,3,1000000.0,22,1,0.302,0,3,0.121,0
SC-000228,21,Cali,5,1000000.0,100,3,0.269,0,1,0.168,0
SC-000229,38,Bogota,3,2737000.0,113,1,0.543,120,3,0.142,1
SC-000230,21,Bogota,2,2081000.0,32,2,0.221,0,4,0.116,0
SC-000231,32,Medellín,6,1000000.0,19,0,0.036,30,2,0.0,0
SC-000232,30,Bucaramanga,1,1743000.0,5,1,0.3,0,1,0.099,0
SC-000233,22,Cali,6,1000000.0,147,3,0.357,0,3,0.284,0
SC-000234,55,Medellín,4,1000000.0,2,0,0.172,0,3,0.0,0
SC-000235,37,Cali,5,1000000.0,16,5,0.208,0,1,0.745,1
SC-000236,18,Barranquilla,3,2515000.0,16,2,0.271,0,2,0.23,0
SC-000237,32,Bogota,1,1000000.0,18,0,0.042,0,6,0.0,1
SC-000238,22,Medellín,4,1000000.0,8,4,0.482,0,2,0.402,0
SC-000239,40,Bogota,5,1000000.0,73,2,0.27,30,0,0.206,0
SC-000240,20,Bogota,4,3086000.0,6,1,0.621,0,0,0.101,0
SC-000241,28,Barranquilla,2,2612000.0,48,1,0.469,30,6,0.107,0
SC-000242,36,Bogota,5,3728000.0,6,1,0.254,0,1,0.052,0
SC-000243,40,Cali,5,1000000.0,3,2,0.139,30,2,0.242,0
SC-000244,18,Barranquilla,4,1176000.0,115,1,0.343,0,2,0.121,0
SC-000245,25,Bogota,5,1000000.0,10,0,0.458,30,4,0.0,0
SC-000246,24,Cali,5,2388000.0,82,2,0.106,180,2,0.214,1
SC-000247,22,Bogota,4,1000000.0,37,1,0.101,120,2,0.107,1
SC-000248,51,Bucaramanga,1,1121000.0,3,1,0.497,0,3,0.118,1
SC-000249,34,Cali,3,1000000.0,149,4,0.35,90,2,0.234,1
SC-000250,18,Bucaramanga,1,1000000.0,13,1,0.307,0,6,0.113,0
SC-000251,41,Cali,3,1000000.0,94,3,0.23,120,0,0.234,0
SC-000252,55,Bogota,3,1000000.0,8,3,0.463,0,6,0.302,0
SC-000253,42,Barranquilla,1,1000000.0,92,4,0.157,0,3,0.509,0
SC-000254,18,Bucaramanga,3,1000000.0,0,2,0.153,0,4,0.241,1
SC-000255,24,Cali,2,1623000.0,34,1,0.126,0,2,0.062,0
SC-000256,45,Bucaramanga,5,1000000.0,70,1,0.15,30,1,0.109,0
SC-000257,21,Bucaramanga,6,1124000.0,131,2,0.226,120,4,0.294,1
SC-000258,35,Bogota,1,2045000.0,115,2,0.795,30,0,0.131,1
SC-000259,39,Bogota,6,1000000.0,82,0,0.315,30,5,0.0,0
SC-000260,18,Cali,4,1000000.0,105,1,0.369,60,2,0.12,0
SC-000261,29,Medellín,3,1000000.0,10,4,0.142,0,3,0.51,0
SC-000262,18,Bucaramanga,1,1998000.0,16,2,0.362,0,0,0.156,1
SC-000263,18,Bucaramanga,4,1106000.0,16,1,0.238,0,2,0.079,0
SC-000264,26,Medellín,5,1000000.0,22,3,0.204,0,2,0.422,0
SC-000265,18,Bogota,4,1316000.0,23,2,0.505,0,1,0.172,0
SC-000266,49,Cartagena,1,1000000.0,37,4,0.42,0,5,0.225,1
SC-000267,18,Bogota,1,1482000.0,8,4,0.185,0,3,0.44,1
SC-000268,24,Bucaramanga,3,1258000.0,56,0,0.345,0,2,0.0,0
SC-000269,31,Medellín,3,1000000.0,8,2,0.556,90,1,0.259,1
SC-000270,47,Barranquilla,2,1000000.0,17,3,0.621,0,4,0.343,0
SC-000271,18,Bogota,3,1000000.0,33,3,0.333,0,6,0.412,1
SC-000272,43,Cali,5,1357000.0,76,2,0.466,0,4,0.257,0
SC-000273,30,Medellín,6,2058000.0,64,2,0.388,0,3,0.122,0
SC-000274,18,Cali,3,1000000.0,49,2,0.284,0,2,0.176,0
SC-000275,35,Bogota,6,1296000.0,8,2,0.18,0,2,0.255,0
SC-000276,32,Cartagena,3,1000000.0,38,3,0.361,0,1,0.275,0
SC-000277,22,Bucaramanga,3,1000000.0,4,1,0.262,0,4,0.147,0
SC-000278,30,Bogota,2,1000000.0,22,3,0.371,0,0,0.371,0
SC-000279,25,Bogota,4,1000000.0,25,0,0.175,0,2,0.0,0
SC-000280,31,Bogota,6,1000000.0,1,2,0.366,30,3,0.276,0
SC-000281,37,Barranquilla,4,1000000.0,15,1,0.156,0,3,0.06,1
SC-000282,49,Cali,3,1173000.0,149,0,0.123,0,4,0.0,1
SC-000283,18,Cali,4,1000000.0,147,3,0.541,0,1,0.37,0
SC-000284,55,Bogota,2,1000000.0,20,1,0.334,60,0,0.136,0
SC-000285,18,Medellín,5,1000000.0,2,1,0.116,0,2,0.104,0
SC-000286,28,Cali,4,1000000.0,9,1,0.283,30,1,0.079,0
SC-000287,37,Cali,3,1296000.0,23,3,0.32,60,1,0.255,0
SC-000288,33,Bucaramanga,4,1000000.0,141,0,0.373,0,3,0.0,0
SC-000289,22,Bogota,4,1000000.0,7,2,0.463,0,1,0.165,1
SC-000290,27,Barranquilla,1,1000000.0,69,1,0.307,0,0,0.074,0
SC-000291,24,Medellín,4,2265000.0,5,1,0.163,0,3,0.111,1
SC-000292,22,Medellín,2,1000000.0,190,4,0.113,0,1,0.56,0
SC-000293,40,Barranquilla,4,1239000.0,23,2,0.292,0,4,0.161,0
SC-000294,34,Barranquilla,5,1072000.0,71,1,0.391,0,4,0.069,0
SC-000295,21,Bucaramanga,5,1000000.0,20,2,0.212,0,2,0.268,0
SC-000296,40,Bogota,4,1561000.0,47,1,0.176,60,1,0.124,1
SC-000297,33,Bogota,4,1120000.0,10,3,0.178,0,3,0.429,1
SC-000298,39,Barranquilla,2,1336000.0,7,3,0.185,120,6,0.2,1
SC-000299,37,Cali,5,10384000.0,133,6,0.287,120,1,0.387,1
SC-000300,20,Bogota,3,1000000.0,119,1,0.244,120,2,0.104,0
SC-000301,23,Bogota,3,2771000.0,104,3,0.1,60,2,0.334,1
SC-000302,38,Bogota,3,1000000.0,47,1,0.507,0,2,0.098,0
SC-000303,37,Bucaramanga,2,1170000.0,79,4,0.457,0,5,0.44,0
SC-000304,29,Bogota,4,1000000.0,3,1,0.203,0,4,0.068,1
SC-000305,31,Medellín,1,1000000.0,19,4,0.271,0,3,0.392,0
SC-000306,45,Bogota,4,1000000.0,18,1,0.124,60,4,0.116,0
SC-000307,22,Medellín,3,1200000.0,48,2,0.213,180,1,0.187,1
SC-000308,36,Bogota,1,1000000.0,21,2,0.018,0,2,0.236,0
SC-000309,27,Cali,4,1545000.0,7,2,0.213,0,3,0.19,1
SC-000310,27,Bogota,1,1000000.0,43,1,0.362,0,5,0.083,1
SC-000311,43,Bucaramanga,3,1000000.0,80,3,0.229,0,4,0.241,0
SC-000312,39,Bogota,4,1000000.0,23,2,0.238,0,3,0.182,0
SC-000313,39,Cali,1,2093000.0,6,1,0.439,0,0,0.052,0
SC-000314,45,Bucaramanga,5,1000000.0,10,0,0.324,60,3,0.0,1
SC-000315,30,Barranquilla,1,1221000.0,13,3,0.156,0,1,0.404,0
SC-000316,38,Cali,2,1000000.0,17,5,0.392,90,1,0.427,1
SC-000317,26,Medellín,4,1552000.0,49,1,0.233,30,2,0.055,1
SC-000318,33,Medellín,3,1486000.0,44,0,0.602,60,1,0.0,0
SC-000319,28,Barranquilla,2,2985000.0,57,1,0.255,0,2,0.076,0
SC-000320,31,Bucaramanga,3,1000000.0,21,0,0.118,90,4,0.0,1
SC-000321,37,Barranquilla,3,1471000.0,83,1,0.176,30,3,0.087,0
SC-000322,20,Cali,5,1044000.0,10,3,0.229,0,1,0.372,0
SC-000323,55,Cartagena,3,2143000.0,30,0,0.477,0,4,0.0,0
SC-000324,18,Medellín,5,1000000.0,77,4,0.201,120,2,0.43,1
SC-000325,18,Bogota,5,1540000.0,9,2,0.105,0,4,0.183,0
SC-000326,43,Cali,3,1000000.0,5,1,0.137,0,3,0.062,0
SC-000327,39,Bucaramanga,6,1000000.0,103,1,0.07,0,2,0.083,1
SC-000328,37,Bogota,3,1040000.0,20,3,0.33,30,2,0.367,0
SC-000329,37,Barranquilla,6,1145000.0,55,0,0.221,60,4,0.0,0
SC-000330,29,Bogota,1,1000000.0,1,1,0.387,0,3,0.062,0
SC-000331,19,Cali,4,1120000.0,56,7,0.415,0,2,0.464,1
SC-000332,30,Bogota,3,2538000.0,18,1,0.251,150,0,0.114,0
SC-000333,21,Medellín,3,1778000.0,2,1,0.474,60,1,0.131,0
SC-000334,41,Cartagena,4,1659000.0,45,3,0.057,90,1,0.255,0
SC-000335,28,Medellín,4,1000000.0,13,1,0.385,0,1,0.11,0
SC-000336,20,Barranquilla,1,1000000.0,23,2,0.487,0,3,0.134,0
SC-000337,26,Cartagena,2,1747000.0,4,2,0.263,0,2,0.162,0
SC-000338,34,Bucaramanga,4,1665000.0,7,1,0.188,30,2,0.052,0
SC-000339,23,Bogota,4,2382000.0,16,1,0.549,0,1,0.127,0
SC-000340,20,Medellín,6,1000000.0,4,1,0.144,0,3,0.09,0
SC-000341,32,Bogota,5,1000000.0,116,2,0.287,0,1,0.263,1
SC-000342,32,Bucaramanga,6,1000000.0,0,0,0.174,0,1,0.0,0
SC-000343,23,Bucaramanga,4,1000000.0,31,1,0.163,60,1,0.133,0
SC-000344,24,Cali,3,1790000.0,6,0,0.104,0,1,0.0,0
SC-000345,32,Bucaramanga,2,1000000.0,17,5,0.519,30,3,0.343,0
SC-000346,18,Cali,5,1446000.0,125,4,0.141,120,3,0.589,1
SC-000347,18,Cali,4,1000000.0,8,3,0.194,0,0,0.365,0
SC-000348,21,Bogota,1,1196000.0,162,1,0.371,30,1,0.133,0
SC-000349,27,Cartagena,3,1000000.0,11,1,0.267,150,3,0.051,1
SC-000350,33,Bogota,6,1036000.0,64,0,0.182,150,0,0.0,1
SC-000351,47,Bucaramanga,4,1000000.0,37,1,0.173,0,2,0.124,0
SC-000352,40,Cartagena,3,1000000.0,103,3,0.275,0,3,0.173,0
SC-000353,28,Barranquilla,3,1000000.0,38,2,0.181,0,4,0.213,0
SC-000354,29,Bogota,2,2030000.0,36,0,0.391,30,2,0.0,0
SC-000355,18,Medellín,3,1570000.0,10,2,0.379,30,2,0.104,1
SC-000356,29,Bogota,3,1303000.0,8,2,0.297,30,2,0.147,1
SC-000357,26,Medellín,1,2452000.0,119,3,0.353,0,2,0.235,1
SC-000358,33,Bogota,5,1000000.0,19,0,0.194,0,2,0.0,0
SC-000359,20,Bucaramanga,3,2809000.0,22,2,0.268,0,2,0.226,0
SC-000360,36,Cali,5,1723000.0,68,1,0.182,0,1,0.074,0
SC-000361,48,Medellín,5,1000000.0,19,2,0.526,30,8,0.156,0
SC-000362,28,Medellín,2,1946000.0,145,3,0.125,0,2,0.419,0
SC-000363,34,Medellín,4,1000000.0,64,3,0.251,0,4,0.29,0
SC-000364,38,Cali,3,1000000.0,43,1,0.286,0,2,0.089,0
SC-000365,25,Cali,5,1000000.0,102,0,0.262,0,2,0.0,0
SC-000366,32,Bucaramanga,2,1000000.0,2,2,0.487,0,2,0.282,0
SC-000367,30,Cali,4,1000000.0,14,1,0.217,0,1,0.053,0
SC-000368,31,Bucaramanga,4,2051000.0,30,1,0.281,0,3,0.095,0
SC-000369,20,Bucaramanga,3,1000000.0,12,0,0.347,0,1,0.0,1
SC-000370,30,Bogota,2,1217000.0,65,1,0.294,0,3,0.082,0
SC-000371,35,Bucaramanga,4,1000000.0,120,3,0.311,30,2,0.382,1
SC-000372,47,Bogota,4,1000000.0,26,4,0.167,0,1,0.589,0
SC-000373,41,Bucaramanga,3,1158000.0,20,2,0.104,30,2,0.289,1
SC-000374,55,Medellín,4,1000000.0,156,0,0.197,30,3,0.0,0
SC-000375,20,Bucaramanga,3,1000000.0,28,1,0.387,0,2,0.073,1
SC-000376,40,Bucaramanga,4,1000000.0,32,1,0.289,120,1,0.146,0
SC-000377,32,Bucaramanga,2,3244000.0,20,3,0.256,0,2,0.288,0
SC-000378,56,Cartagena,5,1701000.0,115,0,0.224,30,3,0.0,0
SC-000379,20,Medellín,3,1049000.0,40,2,0.601,120,2,0.241,1
SC-000380,19,Bogota,3,2102000.0,68,2,0.571,90,4,0.157,0
SC-000381,22,Medellín,1,1000000.0,80,2,0.257,0,1,0.153,0
SC-000382,18,Bogota,2,1364000.0,20,0,0.083,0,2,0.0,0
SC-000383,23,Barranquilla,4,1110000.0,27,2,0.756,0,3,0.132,0
SC-000384,20,Medellín,3,1154000.0,90,2,0.82,30,3,0.113,0
SC-000385,31,Bucaramanga,5,2113000.0,21,0,0.485,30,2,0.0,0
SC-000386,34,Barranquilla,1,1528000.0,75,0,0.235,0,0,0.0,0
SC-000387,52,Bucaramanga,3,1171000.0,135,1,0.569,0,1,0.062,0
SC-000388,41,Bogota,3,1000000.0,46,2,0.444,30,4,0.194,1
SC-000389,23,Bucaramanga,1,1000000.0,64,0,0.274,0,1,0.0,0
SC-000390,19,Bucaramanga,2,1000000.0,78,2,0.315,90,3,0.27,0
SC-000391,35,Cali,3,1041000.0,89,1,0.116,60,0,0.073,0
SC-000392,18,Cali,3,1000000.0,24,4,0.465,0,4,0.527,0
SC-000393,51,Cartagena,3,4185000.0,2,0,0.431,30,2,0.0,0
SC-000394,44,Bogota,4,2446000.0,24,3,0.247,0,2,0.353,0
SC-000395,24,Cali,4,1413000.0,53,2,0.097,0,2,0.186,1
SC-000396,18,Medellín,1,1028000.0,28,3,0.167,120,4,0.184,0
SC-000397,46,Bogota,3,1000000.0,66,2,0.135,90,5,0.243,1
SC-000398,28,Medellín,6,1000000.0,21,4,0.393,0,1,0.287,1
SC-000399,44,Bogota,4,1031000.0,48,2,0.26,0,2,0.135,0
SC-000400,18,Bogota,4,1149000.0,9,1,0.449,0,0,0.086,0
SC-000401,22,Bogota,3,1000000.0,66,1,0.075,0,3,0.115,1
SC-000402,30,Bucaramanga,5,1203000.0,37,0,0.408,0,3,0.0,0
SC-000403,30,Cali,5,1000000.0,10,2,0.307,0,8,0.137,1
SC-000404,24,Bucaramanga,4,1000000.0,16,4,0.395,0,6,0.204,1
SC-000405,37,Medellín,6,1000000.0,66,1,0.151,0,4,0.097,1
SC-000406,18,Medellín,2,1000000.0,31,0,0.251,0,3,0.0,0
SC-000407,28,Cali,1,3056000.0,11,2,0.215,150,1,0.147,1
SC-000408,31,Medellín,5,1375000.0,164,0,0.465,30,3,0.0,0
SC-000409,36,Bogota,5,1000000.0,60,0,0.08,0,3,0.0,0
SC-000410,38,Barranquilla,2,1318000.0,151,2,0.109,0,2,0.258,0
SC-000411,18,Bogota,3,1000000.0,26,3,0.12,0,3,0.365,1
SC-000412,18,Cali,1,1885000.0,30,3,0.11,0,1,0.408,0
SC-000413,45,Barranquilla,3,1000000.0,109,1,0.12,0,3,0.051,0
SC-000414,33,Bogota,5,1000000.0,35,1,0.249,60,2,0.147,0
SC-000415,21,Bogota,4,2181000.0,58,2,0.329,30,0,0.168,0
SC-000416,48,Cartagena,3,1000000.0,13,4,0.092,30,5,0.596,0
SC-000417,31,Medellín,3,1000000.0,28,2,0.242,0,2,0.151,1
SC-000418,44,Bogota,1,1000000.0,6,2,0.303,120,2,0.194,0
SC-000419,30,Bucaramanga,3,1836000.0,11,4,0.403,120,0,0.342,0
SC-000420,54,Bogota,4,1000000.0,0,1,0.051,0,4,0.086,1
SC-000421,51,Barranquilla,6,1000000.0,1,1,0.345,0,1,0.134,1
SC-000422,27,Bucaramanga,5,1000000.0,181,3,0.304,0,5,0.374,1
SC-000423,41,Bogota,1,1371000.0,13,1,0.239,0,4,0.149,0
SC-000424,37,Bogota,5,2023000.0,52,2,0.171,30,1,0.223,0
SC-000425,46,Bogota,5,1000000.0,87,3,0.108,0,1,0.289,0
SC-000426,18,Medellín,5,1000000.0,38,1,0.072,0,2,0.059,1
SC-000427,38,Bogota,3,1968000.0,7,3,0.388,0,1,0.449,0
SC-000428,42,Barranquilla,3,1000000.0,62,2,0.087,0,3,0.21,0
SC-000429,18,Bogota,3,1000000.0,44,2,0.117,90,4,0.24,1
SC-000430,18,Cali,1,1104000.0,63,2,0.322,0,2,0.181,0
SC-000431,18,Bucaramanga,2,1289000.0,70,0,0.027,30,4,0.0,0
SC-000432,26,Bucaramanga,2,1000000.0,177,4,0.269,0,2,0.577,0
SC-000433,38,Cali,3,1005000.0,40,0,0.195,0,4,0.0,0
SC-000434,48,Medellín,4,1000000.0,20,2,0.305,0,4,0.158,0
SC-000435,30,Cali,3,1000000.0,50,2,0.15,30,2,0.13,1
SC-000436,49,Cali,1,1293000.0,3,0,0.228,0,3,0.0,0
SC-000437,18,Medellín,6,1000000.0,109,4,0.328,0,2,0.225,0
SC-000438,18,Bogota,6,1020000.0,6,1,0.514,0,4,0.058,0
SC-000439,29,Bucaramanga,5,1287000.0,19,0,0.181,0,1,0.0,0
SC-000440,34,Medellín,6,1000000.0,81,4,0.173,150,2,0.406,0
SC-000441,29,Bogota,4,1091000.0,43,2,0.109,0,4,0.181,1
SC-000442,18,Medellín,6,1000000.0,24,2,0.231,0,1,0.109,1
SC-000443,28,Medellín,1,1000000.0,30,1,0.431,0,5,0.146,1
SC-000444,18,Bucaramanga,3,1420000.0,92,3,0.363,90,1,0.436,1
SC-000445,38,Cartagena,2,1082000.0,19,2,0.344,0,1,0.156,1
SC-000446,34,Cartagena,2,1000000.0,97,4,0.409,30,1,0.493,0
SC-000447,18,Bogota,2,1126000.0,4,3,0.179,90,2,0.324,1
SC-000448,23,Medellín,4,1512000.0,71,1,0.018,0,3,0.074,0
SC-000449,18,Cali,5,1000000.0,90,1,0.164,0,2,0.076,1
SC-000450,29,Bogota,4,1974000.0,9,2,0.39,0,3,0.198,0
SC-000451,41,Bogota,2,1000000.0,27,1,0.13,60,2,0.092,0
SC-000452,18,Cartagena,5,1271000.0,8,0,0.407,0,0,0.0,0
SC-000453,36,Bogota,4,2019000.0,58,1,0.251,0,2,0.131,0
SC-000454,23,Cali,3,1000000.0,36,3,0.288,30,3,0.294,1
SC-000455,20,Bogota,4,1000000.0,48,1,0.402,0,5,0.115,1
SC-000456,28,Bogota,3,1000000.0,10,1,0.201,0,2,0.069,1
SC-000457,18,Bogota,3,1000000.0,11,0,0.571,0,1,0.0,1
SC-000458,23,Bucaramanga,6,2788000.0,2,2,0.253,0,3,0.164,0
SC-000459,18,Bucaramanga,3,1000000.0,18,3,0.559,0,2,0.308,1
SC-000460,53,Bucaramanga,3,1000000.0,39,4,0.296,0,4,0.512,1
SC-000461,30,Cali,5,1113000.0,93,1,0.174,90,3,0.127,0
SC-000462,21,Bogota,4,1000000.0,52,1,0.374,0,3,0.085,0
SC-000463,32,Cali,1,1000000.0,27,2,0.302,90,1,0.239,0
SC-000464,28,Medellín,2,1191000.0,146,3,0.095,30,0,0.432,0
SC-000465,27,Bucaramanga,1,1000000.0,60,2,0.496,0,8,0.225,0
SC-000466,37,Bogota,4,1000000.0,127,2,0.343,30,2,0.13,0
SC-000467,39,Cali,3,1000000.0,35,0,0.525,0,4,0.0,1
SC-000468,23,Bogota,2,1000000.0,14,0,0.296,180,0,0.0,0
SC-000469,23,Medellín,6,1194000.0,2,2,0.15,90,3,0.274,0
SC-000470,26,Cartagena,4,2822000.0,62,2,0.305,0,4,0.203,1
SC-000471,18,Medellín,2,1000000.0,6,3,0.303,0,4,0.266,0
SC-000472,18,Medellín,4,1127000.0,17,0,0.177,0,2,0.0,0
SC-000473,46,Medellín,4,1492000.0,36,2,0.196,0,2,0.176,0
SC-000474,49,Medellín,1,1000000.0,39,2,0.242,0,4,0.281,0
SC-000475,27,Cartagena,3,2735000.0,44,2,0.524,0,0,0.104,1
SC-000476,36,Bucaramanga,5,1112000.0,8,1,0.051,30,4,0.097,0
SC-000477,33,Bucaramanga,3,2621000.0,22,1,0.216,0,0,0.143,0
SC-000478,66,Cartagena,4,1000000.0,46,3,0.526,60,3,0.268,0
SC-000479,43,Medellín,3,2931000.0,168,3,0.094,60,0,0.278,1
SC-000480,28,Barranquilla,1,1568000.0,62,1,0.795,0,7,0.108,0
SC-000481,18,Medellín,2,1372000.0,122,2,0.402,90,2,0.193,1
SC-000482,18,Bogota,3,1133000.0,68,1,0.121,0,2,0.067,0
SC-000483,32,Bucaramanga,2,1000000.0,42,3,0.298,0,1,0.156,0
SC-000484,20,Bogota,1,2023000.0,10,1,0.165,30,4,0.111,0
SC-000485,18,Bucaramanga,5,1071000.0,52,4,0.153,0,6,0.568,0
SC-000486,22,Medellín,6,1000000.0,46,3,0.311,0,2,0.182,0
SC-000487,18,Barranquilla,5,1000000.0,44,1,0.04,90,1,0.071,1
SC-000488,50,Barranquilla,5,1000000.0,32,1,0.054,150,1,0.087,0
SC-000489,40,Bucaramanga,2,1186000.0,36,0,0.318,30,0,0.0,0
SC-000490,29,Barranquilla,6,1000000.0,19,2,0.181,60,4,0.154,1
SC-000491,47,Cali,2,2046000.0,35,2,0.364,0,1,0.276,0
SC-000492,30,Bogota,6,1000000.0,10,3,0.261,0,3,0.166,0
SC-000493,19,Cali,6,1073000.0,78,1,0.156,30,4,0.144,0
SC-000494,48,Bogota,4,1000000.0,9,1,0.379,0,6,0.106,0
SC-000495,36,Cartagena,6,1553000.0,4,4,0.302,0,3,0.464,0
SC-000496,18,Cali,4,1000000.0,27,1,0.767,0,6,0.087,1
SC-000497,27,Barranquilla,3,1266000.0,51,1,0.186,30,3,0.128,1
SC-000498,19,Bogota,3,1000000.0,27,3,0.096,0,2,0.2,0
SC-000499,18,Bogota,4,2122000.0,15,1,0.476,30,4,0.055,0
SC-000500,41,Barranquilla,1,1840000.0,39,1,0.229,0,1,0.09,0
SC-000501,52,Bogota,4,1397000.0,20,2,0.112,0,5,0.271,1
SC-000502,18,Bogota,6,1000000.0,129,2,0.312,0,4,0.251,0
SC-000503,36,Bogota,2,1394000.0,122,3,0.292,0,1,0.305,0
SC-000504,22,Bucaramanga,5,1000000.0,33,2,0.254,90,2,0.214,1
SC-000505,24,Cartagena,6,1645000.0,19,2,0.362,0,2,0.126,1
SC-000506,22,Medellín,6,2649000.0,64,2,0.185,0,3,0.268,1
SC-000507,19,Bogota,6,1872000.0,1,0,0.464,0,1,0.0,0
SC-000508,30,Medellín,4,1000000.0,30,2,0.336,0,4,0.231,0
SC-000509,20,Cartagena,6,1223000.0,19,4,0.104,0,1,0.386,1
SC-000510,33,Barranquilla,5,1000000.0,121,3,0.371,0,3,0.439,1
SC-000511,29,Bogota,2,1388000.0,0,3,0.206,150,5,0.414,0
SC-000512,27,Bogota,3,1290000.0,38,1,0.774,30,1,0.114,0
SC-000513,19,Bogota,4,1000000.0,64,0,0.176,0,0,0.0,0
SC-000514,23,Barranquilla,2,1000000.0,31,2,0.109,0,4,0.224,0
SC-000515,39,Cartagena,4,1000000.0,4,3,0.161,0,2,0.323,1
SC-000516,36,Bogota,4,1000000.0,172,1,0.224,0,2,0.089,0
SC-000517,18,Bogota,2,1000000.0,35,4,0.227,30,4,0.323,1
SC-000518,31,Bogota,4,1243000.0,45,1,0.36,90,2,0.091,0
SC-000519,39,Bucaramanga,5,1145000.0,12,0,0.068,0,1,0.0,0
SC-000520,18,Bogota,3,1000000.0,31,2,0.131,60,2,0.186,0
SC-000521,36,Cartagena,1,1000000.0,26,0,0.269,0,0,0.0,0
SC-000522,22,Cali,1,1847000.0,3,4,0.091,0,2,0.504,0
SC-000523,36,Medellín,3,2658000.0,5,1,0.386,0,2,0.103,0
SC-000524,20,Bogota,6,1000000.0,87,1,0.135,0,0,0.057,0
SC-000525,18,Bogota,2,1000000.0,13,2,0.182,90,1,0.174,0
SC-000526,18,Cali,4,1322000.0,10,1,0.087,0,3,0.138,1
SC-000527,30,Cartagena,2,1000000.0,33,1,0.08,0,0,0.126,0
SC-000528,33,Barranquilla,3,1000000.0,70,2,0.467,120,1,0.165,1
SC-000529,19,Cali,5,1535000.0,3,1,0.235,90,1,0.144,0
SC-000530,37,Bogota,4,1000000.0,41,2,0.151,60,3,0.115,0
SC-000531,18,Bucaramanga,1,2172000.0,6,2,0.401,120,5,0.292,0
SC-000532,29,Cartagena,3,1028000.0,1,5,0.736,0,2,0.373,0
SC-000533,18,Bogota,1,1000000.0,2,2,0.218,60,4,0.102,0
SC-000534,22,Bucaramanga,3,1000000.0,86,2,0.47,30,3,0.187,1
SC-000535,30,Cali,4,1000000.0,6,3,0.435,90,1,0.258,1
SC-000536,19,Cali,2,1000000.0,2,2,0.299,60,3,0.208,0
SC-000537,25,Cartagena,3,2414000.0,27,3,0.24,0,4,0.389,0
SC-000538,42,Bucaramanga,3,1009000.0,89,3,0.665,60,0,0.403,1
SC-000539,23,Barranquilla,6,1284000.0,14,1,0.1,0,1,0.09,0
SC-000540,40,Bogota,6,1743000.0,26,4,0.526,0,1,0.372,0
SC-000541,18,Medellín,1,1000000.0,1,0,0.216,0,1,0.0,0
SC-000542,36,Bucaramanga,5,1308000.0,28,3,0.184,120,3,0.164,0
SC-000543,47,Bogota,3,1000000.0,41,4,0.084,0,1,0.456,0
SC-000544,18,Medellín,3,1636000.0,40,1,0.213,0,5,0.056,0
SC-000545,20,Medellín,5,1000000.0,19,1,0.092,0,0,0.123,0
SC-000546,36,Medellín,6,1000000.0,18,1,0.47,120,2,0.104,1
SC-000547,27,Cali,6,1000000.0,5,2,0.259,0,2,0.14,0
SC-000548,34,Bucaramanga,4,1276000.0,21,1,0.379,60,2,0.104,0
SC-000549,22,Bogota,3,1305000.0,5,3,0.219,90,4,0.205,1
SC-000550,31,Bogota,5,1000000.0,69,2,0.359,0,2,0.188,0
SC-000551,28,Bogota,3,1000000.0,162,2,0.146,0,2,0.26,0
SC-000552,44,Bucaramanga,4,1000000.0,168,2,0.187,30,1,0.192,0
SC-000553,33,Barranquilla,3,1000000.0,96,0,0.127,90,2,0.0,1
SC-000554,34,Bogota,4,1632000.0,44,0,0.387,60,1,0.0,1
SC-000555,25,Bucaramanga,2,1000000.0,57,2,0.168,0,3,0.137,0
SC-000556,24,Bucaramanga,2,1000000.0,16,3,0.382,90,1,0.372,0
SC-000557,24,Bucaramanga,6,1000000.0,47,2,0.021,0,4,0.196,0
SC-000558,34,Bucaramanga,2,1000000.0,29,2,0.556,0,1,0.191,0
SC-000559,24,Bogota,4,1000000.0,31,1,0.224,60,1,0.135,0
SC-000560,33,Cartagena,2,1000000.0,68,0,0.373,0,3,0.0,0
SC-000561,54,Medellín,1,1051000.0,15,2,0.021,60,1,0.107,0
SC-000562,40,Bucaramanga,1,2185000.0,18,3,0.051,0,2,0.239,0
SC-000563,26,Barranquilla,2,1188000.0,124,3,0.795,90,3,0.411,0
SC-000564,44,Cartagena,5,1000000.0,2,3,0.178,0,8,0.155,0
SC-000565,25,Barranquilla,3,1294000.0,31,3,0.531,0,1,0.314,1
SC-000566,18,Bogota,6,1000000.0,117,0,0.137,60,3,0.0,0
SC-000567,18,Cali,4,1000000.0,45,1,0.275,0,1,0.112,0
SC-000568,18,Bucaramanga,3,1000000.0,37,2,0.255,0,3,0.252,0
SC-000569,25,Bucaramanga,4,1000000.0,13,1,0.143,180,3,0.123,1
SC-000570,30,Bogota,4,1000000.0,20,4,0.239,0,1,0.477,0
SC-000571,50,Bogota,5,1083000.0,91,0,0.099,150,4,0.0,1
SC-000572,33,Bogota,3,1000000.0,39,1,0.596,0,4,0.115,0
SC-000573,27,Barranquilla,3,1000000.0,34,3,0.274,0,0,0.271,1
SC-000574,39,Bucaramanga,5,1000000.0,5,1,0.239,60,4,0.097,0
SC-000575,18,Bogota,6,1418000.0,0,3,0.096,30,0,0.365,0
SC-000576,32,Cali,5,1000000.0,159,4,0.312,0,0,0.551,0
SC-000577,39,Bucaramanga,3,1568000.0,22,1,0.091,0,1,0.077,0
SC-000578,18,Cartagena,5,1000000.0,44,3,0.098,60,2,0.253,1
SC-000579,43,Cali,3,1000000.0,3,2,0.141,0,3,0.286,0
SC-000580,34,Cali,3,1000000.0,55,2,0.036,0,2,0.216,0
SC-000581,25,Cali,2,1000000.0,129,1,0.09,0,3,0.068,0
SC-000582,37,Bogota,4,1768000.0,41,3,0.275,0,3,0.349,1
SC-000583,57,Cali,2,1342000.0,6,3,0.293,0,0,0.447,0
SC-000584,32,Barranquilla,3,1771000.0,41,1,0.098,0,1,0.132,0
SC-000585,32,Bucaramanga,5,1347000.0,69,3,0.354,0,1,0.374,1
SC-000586,24,Barranquilla,2,1000000.0,25,3,0.393,0,1,0.212,0
SC-000587,19,Cartagena,1,1000000.0,101,2,0.421,0,2,0.275,0
SC-000588,39,Bogota,1,1000000.0,50,1,0.467,30,4,0.103,1
SC-000589,19,Medellín,6,2188000.0,110,2,0.209,0,3,0.278,0
SC-000590,30,Bogota,4,1000000.0,46,4,0.167,90,5,0.332,1
SC-000591,24,Bogota,3,1683000.0,6,1,0.241,30,0,0.056,0
SC-000592,35,Barranquilla,5,1682000.0,17,2,0.297,0,3,0.195,0
SC-000593,34,Bucaramanga,5,2951000.0,10,1,0.413,30,1,0.077,0
SC-000594,42,Bogota,3,1000000.0,114,2,0.058,0,2,0.243,0
SC-000595,23,Medellín,4,1510000.0,68,1,0.317,60,1,0.146,0
SC-000596,26,Bucaramanga,5,3871000.0,54,0,0.216,180,1,0.0,1
SC-000597,18,Bogota,4,1000000.0,17,6,0.241,0,3,0.832,0
SC-000598,24,Cali,2,1000000.0,9,0,0.231,30,2,0.0,0
SC-000599,34,Cartagena,5,1000000.0,67,4,0.146,0,3,0.509,0
SC-000600,39,Cali,4,1510000.0,30,2,0.288,0,3,0.269,1
SC-000601,18,Bogota,3,1000000.0,12,1,0.316,90,1,0.121,0
SC-000602,40,Medellín,3,1000000.0,46,2,0.306,0,4,0.202,0
SC-000603,46,Cartagena,1,1280000.0,1,3,0.179,0,3,0.338,0
SC-000604,34,Cali,2,1100000.0,18,2,0.206,0,3,0.24,0
SC-000605,52,Bogota,5,1271000.0,30,1,0.042,30,3,0.075,0
SC-000606,20,Cartagena,1,1125000.0,7,0,0.137,0,6,0.0,0
SC-000607,18,Bogota,3,2121000.0,200,2,0.073,120,3,0.29,1
SC-000608,18,Cartagena,4,1000000.0,11,4,0.41,0,4,0.386,0
SC-000609,47,Bogota,1,1000000.0,6,2,0.164,0,5,0.24,0
SC-000610,37,Bucaramanga,6,1000000.0,10,0,0.287,30,1,0.0,0
SC-000611,29,Medellín,2,1620000.0,70,2,0.25,0,4,0.232,1
SC-000612,33,Medellín,3,1690000.0,26,1,0.226,30,0,0.105,0
SC-000613,18,Bogota,3,1291000.0,40,0,0.098,0,1,0.0,1
SC-000614,59,Medellín,2,2003000.0,1,1,0.193,0,3,0.095,0
SC-000615,31,Bucaramanga,1,1000000.0,1,1,0.477,0,2,0.056,0
SC-000616,31,Bucaramanga,4,2677000.0,28,2,0.402,120,3,0.269,1
SC-000617,38,Medellín,6,2456000.0,81,2,0.527,0,7,0.235,1
SC-000618,35,Medellín,2,1531000.0,103,2,0.562,60,5,0.27,0
SC-000619,32,Barranquilla,4,2868000.0,4,0,0.239,0,3,0.0,0
SC-000620,20,Bucaramanga,4,1000000.0,37,3,0.389,0,3,0.159,1
SC-000621,35,Cali,5,1000000.0,117,0,0.197,0,3,0.0,0
SC-000622,52,Medellín,3,1000000.0,23,1,0.268,120,1,0.065,1
SC-000623,46,Medellín,3,1518000.0,84,2,0.282,30,4,0.262,0
SC-000624,49,Barranquilla,3,1000000.0,6,3,0.39,30,5,0.397,0
SC-000625,23,Bogota,4,1551000.0,131,0,0.464,0,5,0.0,0
SC-000626,18,Cali,5,2241000.0,66,1,0.246,0,1,0.063,0
SC-000627,28,Medellín,2,1494000.0,136,1,0.284,0,1,0.117,0
SC-000628,30,Cartagena,3,1167000.0,54,2,0.232,120,0,0.278,1
SC-000629,43,Bogota,6,1000000.0,21,0,0.279,0,1,0.0,1
SC-000630,18,Cali,5,1000000.0,133,1,0.263,0,1,0.091,0
SC-000631,48,Cali,6,2084000.0,15,1,0.355,0,0,0.094,0
SC-000632,28,Barranquilla,5,1572000.0,19,4,0.136,0,5,0.233,0
SC-000633,24,Bogota,3,1000000.0,57,2,0.163,0,1,0.278,0
SC-000634,18,Cali,4,1000000.0,69,1,0.436,90,1,0.137,1
SC-000635,18,Cali,4,1000000.0,127,1,0.329,0,2,0.15,0
SC-000636,39,Cali,1,1000000.0,10,3,0.194,90,7,0.326,0
SC-000637,30,Cali,4,3100000.0,76,3,0.584,60,5,0.375,1
SC-000638,18,Barranquilla,4,1000000.0,64,1,0.035,0,4,0.07,1
SC-000639,18,Bucaramanga,2,1103000.0,3,1,0.257,0,1,0.117,0
SC-000640,25,Bogota,5,1802000.0,23,1,0.243,0,4,0.115,1
SC-000641,50,Bucaramanga,4,1000000.0,15,3,0.451,90,1,0.42,1
SC-000642,26,Cali,6,1100000.0,17,1,0.201,0,1,0.133,0
SC-000643,18,Bogota,1,1728000.0,195,2,0.242,0,5,0.288,1
SC-000644,27,Bogota,3,1000000.0,49,3,0.278,0,3,0.411,0
SC-000645,26,Medellín,4,5504000.0,60,1,0.115,0,4,0.137,0
SC-000646,18,Cartagena,3,1000000.0,180,2,0.296,0,5,0.113,0
SC-000647,29,Barranquilla,4,1858000.0,22,2,0.271,0,2,0.269,0
SC-000648,27,Cartagena,5,1000000.0,77,2,0.482,60,2,0.221,1
SC-000649,38,Cali,2,1565000.0,27,3,0.685,60,2,0.264,0
SC-000650,52,Medellín,4,1283000.0,97,3,0.477,0,2,0.167,0
SC-000651,43,Bogota,4,1000000.0,9,2,0.226,0,6,0.236,1
SC-000652,26,Medellín,3,1130000.0,141,2,0.108,90,2,0.166,1
SC-000653,18,Medellín,6,1000000.0,11,3,0.163,0,1,0.29,1
SC-000654,60,Bogota,5,1414000.0,18,1,0.176,90,1,0.118,0
SC-000655,30,Bogota,4,1177000.0,67,0,0.105,0,3,0.0,1
SC-000656,30,Cali,4,1444000.0,24,2,0.453,30,4,0.265,0
SC-000657,29,Cartagena,3,1858000.0,44,0,0.395,0,1,0.0,0
SC-000658,32,Bucaramanga,6,1228000.0,28,1,0.25,0,6,0.089,0
SC-000659,28,Bucaramanga,4,1076000.0,65,3,0.236,90,2,0.222,1
SC-000660,23,Barranquilla,4,1000000.0,12,0,0.361,0,3,0.0,0
SC-000661,23,Medellín,5,1000000.0,2,2,0.3,0,5,0.122,1
SC-000662,29,Barranquilla,3,2007000.0,17,1,0.214,0,0,0.147,0
SC-000663,23,Cartagena,5,2331000.0,30,2,0.219,60,5,0.215,0
SC-000664,21,Bogota,2,1000000.0,8,0,0.443,0,4,0.0,1
SC-000665,31,Medellín,3,1012000.0,21,0,0.154,60,2,0.0,0
SC-000666,26,Bucaramanga,3,1000000.0,24,2,0.443,0,3,0.209,1
SC-000667,48,Medellín,6,1990000.0,2,0,0.325,0,2,0.0,0
SC-000668,18,Cali,5,1468000.0,42,2,0.566,60,3,0.107,0
SC-000669,43,Cali,4,3156000.0,103,1,0.22,0,5,0.145,0
SC-000670,44,Bogota,4,1000000.0,7,2,0.104,0,1,0.155,0
SC-000671,18,Medellín,4,1000000.0,43,2,0.315,0,3,0.103,0
SC-000672,25,Medellín,6,1131000.0,52,2,0.136,0,2,0.115,0
SC-000673,25,Bogota,3,1451000.0,26,2,0.131,30,3,0.216,0
SC-000674,18,Bogota,3,1000000.0,57,0,0.545,0,2,0.0,0
SC-000675,20,Bucaramanga,2,1000000.0,25,1,0.458,0,3,0.054,0
SC-000676,18,Bogota,5,1671000.0,33,2,0.251,0,2,0.176,0
SC-000677,51,Cali,4,1518000.0,0,2,0.29,0,3,0.225,0
SC-000678,41,Bogota,3,1000000.0,56,2,0.279,0,2,0.122,0
SC-000679,45,Bucaramanga,1,2221000.0,51,1,0.363,120,1,0.081,1
SC-000680,38,Bogota,5,1987000.0,1,1,0.216,90,2,0.092,1
SC-000681,18,Medellín,1,1067000.0,22,0,0.014,0,0,0.0,0
SC-000682,23,Bucaramanga,4,1033000.0,185,2,0.083,0,5,0.201,1
SC-000683,35,Bucaramanga,6,1373000.0,26,1,0.175,120,5,0.059,1
SC-000684,18,Bogota,3,1000000.0,33,1,0.214,0,4,0.055,0
SC-000685,38,Bucaramanga,2,1003000.0,115,0,0.383,0,2,0.0,1
SC-000686,27,Medellín,4,1000000.0,60,2,0.483,60,4,0.15,0
SC-000687,25,Cali,5,1666000.0,41,1,0.172,0,3,0.06,0
SC-000688,38,Bogota,4,1000000.0,76,1,0.269,0,0,0.092,0
SC-000689,35,Bogota,6,2427000.0,95,2,0.379,150,0,0.283,1
SC-000690,25,Barranquilla,1,1000000.0,29,4,0.172,30,1,0.49,0
SC-000691,43,Cali,4,1000000.0,30,1,0.464,0,3,0.132,0
SC-000692,18,Medellín,4,1000000.0,23,2,0.077,0,3,0.274,0
SC-000693,37,Barranquilla,5,1000000.0,163,1,0.246,0,3,0.147,0
SC-000694,37,Cartagena,2,2306000.0,57,3,0.245,60,3,0.379,0
SC-000695,26,Bogota,5,1000000.0,4,2,0.373,0,4,0.222,0
SC-000696,33,Cali,4,2118000.0,95,3,0.112,0,1,0.26,0
SC-000697,18,Bogota,3,1206000.0,31,1,0.466,120,3,0.068,1
SC-000698,41,Cartagena,2,1000000.0,3,2,0.403,0,6,0.237,1
SC-000699,27,Barranquilla,5,1000000.0,38,0,0.251,0,1,0.0,1
SC-000700,23,Bucaramanga,2,2692000.0,25,2,0.218,0,3,0.193,0
SC-000701,42,Bogota,3,1000000.0,100,3,0.362,0,5,0.367,0
SC-000702,21,Bogota,3,1000000.0,10,1,0.409,0,2,0.1,0
SC-000703,18,Bogota,5,1948000.0,84,1,0.43,120,4,0.093,0
SC-000704,18,Bogota,4,1206000.0,39,2,0.17,90,1,0.182,1
SC-000705,37,Bogota,5,1000000.0,2,0,0.149,0,1,0.0,0
SC-000706,18,Bucaramanga,3,1121000.0,171,2,0.148,0,0,0.173,0
SC-000707,51,Bogota,4,1000000.0,34,2,0.446,0,1,0.25,0
SC-000708,18,Bogota,4,1906000.0,16,0,0.251,0,3,0.0,1
SC-000709,50,Cartagena,5,1861000.0,30,3,0.124,0,3,0.415,1
SC-000710,32,Medellín,6,1355000.0,93,4,0.384,120,3,0.291,1
SC-000711,28,Cartagena,1,1223000.0,17,0,0.397,0,2,0.0,1
SC-000712,23,Bogota,4,2833000.0,10,2,0.219,0,1,0.168,0
SC-000713,34,Cali,1,1000000.0,6,2,0.095,0,3,0.162,0
SC-000714,29,Bogota,4,1000000.0,16,2,0.737,0,1,0.245,1
SC-000715,43,Bogota,3,1289000.0,72,2,0.236,0,1,0.161,0
SC-000716,31,Bucaramanga,3,3442000.0,30,3,0.359,0,2,0.166,1
SC-000717,31,Bogota,3,1000000.0,12,0,0.226,0,4,0.0,1
SC-000718,25,Cali,4,1000000.0,8,0,0.152,30,0,0.0,0
SC-000719,29,Medellín,3,1264000.0,19,1,0.328,0,2,0.083,0
SC-000720,33,Medellín,4,1000000.0,134,3,0.119,0,1,0.339,0
SC-000721,18,Bucaramanga,3,1000000.0,20,1,0.373,0,2,0.116,0
SC-000722,18,Bogota,1,1930000.0,212,1,0.586,90,3,0.123,1
SC-000723,38,Barranquilla,5,3961000.0,31,2,0.203,0,5,0.279,0
SC-000724,32,Bucaramanga,3,1108000.0,9,0,0.187,0,2,0.0,0
SC-000725,27,Cali,3,1000000.0,106,2,0.134,0,4,0.133,0
SC-000726,30,Bucaramanga,4,1000000.0,29,4,0.193,30,5,0.328,1
SC-000727,34,Bogota,3,1149000.0,59,2,0.22,0,2,0.186,0
SC-000728,23,Medellín,1,1909000.0,197,3,0.459,0,3,0.364,0
SC-000729,20,Bogota,3,1309000.0,2,1,0.332,0,2,0.051,0
SC-000730,32,Cartagena,6,1000000.0,4,4,0.435,0,4,0.326,1
SC-000731,18,Bucaramanga,4,1000000.0,61,1,0.196,0,4,0.128,1
SC-000732,34,Bogota,4,1000000.0,15,2,0.314,0,2,0.234,0
SC-000733,18,Barranquilla,4,1625000.0,9,1,0.299,60,2,0.123,1
SC-000734,42,Bogota,2,1704000.0,1,1,0.038,30,6,0.131,0
SC-000735,35,Cali,3,1000000.0,1,4,0.044,0,0,0.513,0
SC-000736,33,Medellín,5,2556000.0,71,0,0.05,0,1,0.0,0
SC-000737,41,Bucaramanga,2,1389000.0,6,0,0.24,0,5,0.0,0
SC-000738,49,Cali,3,2280000.0,30,2,0.406,0,3,0.297,0
SC-000739,42,Medellín,3,1000000.0,44,2,0.145,90,0,0.214,1
SC-000740,18,Bogota,3,1000000.0,26,1,0.091,180,1,0.07,1
SC-000741,18,Bogota,6,1000000.0,1,2,0.177,0,2,0.159,0
SC-000742,22,Bogota,1,1331000.0,73,2,0.257,0,2,0.239,1
SC-000743,30,Bogota,4,2893000.0,0,3,0.135,0,2,0.427,0
SC-000744,36,Bucaramanga,2,1504000.0,68,3,0.104,30,2,0.204,0
SC-000745,21,Cali,6,1000000.0,107,1,0.099,30,2,0.058,0
SC-000746,32,Cali,2,1000000.0,27,1,0.68,60,4,0.138,0
SC-000747,20,Bogota,3,2060000.0,36,1,0.082,60,2,0.142,0
SC-000748,22,Bucaramanga,4,1000000.0,31,2,0.346,0,1,0.155,0
SC-000749,18,Barranquilla,4,2616000.0,23,1,0.67,30,1,0.088,1
SC-000750,18,Bogota,3,1000000.0,104,4,0.447,30,2,0.464,0
SC-000751,18,Barranquilla,3,2557000.0,107,0,0.104,0,2,0.0,0
SC-000752,18,Cali,3,1480000.0,19,4,0.579,0,3,0.551,0
SC-000753,42,Bogota,3,1000000.0,45,4,0.085,30,2,0.243,0
SC-000754,18,Medellín,2,1000000.0,125,2,0.174,0,1,0.108,0
SC-000755,61,Cali,3,1000000.0,157,2,0.22,30,5,0.142,1
SC-000756,35,Bogota,3,1273000.0,34,0,0.112,30,3,0.0,0
SC-000757,32,Bucaramanga,3,1031000.0,28,1,0.291,30,3,0.061,0
SC-000758,19,Bucaramanga,4,1000000.0,15,1,0.148,30,4,0.057,0
SC-000759,38,Barranquilla,6,1000000.0,153,0,0.667,0,4,0.0,1
SC-000760,23,Medellín,4,1032000.0,7,2,0.208,30,3,0.133,0
SC-000761,31,Medellín,1,1000000.0,41,2,0.403,0,2,0.283,1
SC-000762,60,Barranquilla,1,1296000.0,15,0,0.578,0,4,0.0,1
SC-000763,28,Cali,6,1000000.0,15,0,0.351,0,1,0.0,0
SC-000764,43,Bogota,3,1000000.0,24,5,0.659,0,1,0.363,0
SC-000765,21,Cali,1,1000000.0,322,1,0.437,0,1,0.074,0
SC-000766,29,Bucaramanga,4,1000000.0,2,3,0.319,150,3,0.322,1
SC-000767,51,Medellín,4,1000000.0,41,2,0.231,0,4,0.212,1
SC-000768,22,Bogota,4,1000000.0,4,3,0.07,0,6,0.381,0
SC-000769,51,Cartagena,3,3179000.0,8,3,0.244,0,3,0.377,0
SC-000770,38,Bogota,1,1000000.0,27,2,0.131,0,2,0.234,0
SC-000771,23,Bogota,6,1095000.0,34,0,0.498,60,3,0.0,0
SC-000772,37,Bogota,3,1252000.0,14,3,0.131,0,5,0.417,1
SC-000773,41,Medellín,4,1065000.0,18,0,0.283,30,2,0.0,0
SC-000774,37,Cartagena,4,1000000.0,4,3,0.393,30,0,0.447,0
SC-000775,18,Cali,4,1000000.0,17,1,0.118,0,3,0.132,0
SC-000776,21,Bogota,3,2351000.0,163,2,0.292,90,2,0.109,0
SC-000777,27,Bucaramanga,3,2912000.0,138,4,0.184,0,2,0.328,0
SC-000778,29,Bucaramanga,4,1000000.0,19,3,0.361,0,5,0.322,0
SC-000779,37,Bucaramanga,5,1000000.0,40,1,0.087,90,3,0.122,0
SC-000780,32,Bogota,6,1000000.0,115,0,0.658,90,3,0.0,1
SC-000781,18,Medellín,2,1000000.0,0,4,0.314,0,0,0.514,0
SC-000782,34,Bucaramanga,2,1334000.0,79,1,0.591,0,2,0.078,0
SC-000783,37,Cartagena,6,1000000.0,142,1,0.449,0,1,0.068,0
SC-000784,36,Bogota,4,3609000.0,4,3,0.162,0,6,0.166,0
SC-000785,42,Bogota,5,2011000.0,8,3,0.41,150,3,0.322,1
SC-000786,40,Medellín,2,1119000.0,155,2,0.536,0,2,0.238,1
SC-000787,35,Bucaramanga,4,1823000.0,37,0,0.471,0,1,0.0,0
SC-000788,29,Cali,4,1912000.0,0,3,0.308,90,2,0.334,0
SC-000789,18,Cali,4,1000000.0,14,0,0.15,0,3,0.0,0
SC-000790,35,Bogota,3,1000000.0,28,0,0.376,0,5,0.0,1
SC-000791,32,Barranquilla,1,1032000.0,56,1,0.359,120,1,0.12,0
SC-000792,33,Bucaramanga,4,1651000.0,63,2,0.204,60,0,0.174,0
SC-000793,18,Medellín,3,1070000.0,258,1,0.111,60,0,0.117,0
SC-000794,18,Cartagena,3,1000000.0,16,1,0.325,0,5,0.133,0
SC-000795,42,Bucaramanga,6,1000000.0,37,2,0.134,60,1,0.271,1
SC-000796,29,Bogota,3,1000000.0,36,1,0.204,0,3,0.067,0
SC-000797,38,Cali,5,1000000.0,24,2,0.389,0,1,0.197,0
SC-000798,30,Bogota,2,3216000.0,8,0,0.128,150,5,0.0,0
SC-000799,30,Cartagena,4,1000000.0,182,1,0.084,0,5,0.127,0
SC-000800,41,Cali,6,1334000.0,92,1,0.06,60,0,0.128,0
SC-000801,23,Barranquilla,2,2406000.0,33,3,0.349,0,3,0.218,0
SC-000802,31,Cartagena,1,3847000.0,44,1,0.36,0,2,0.069,0
SC-000803,24,Medellín,3,1000000.0,12,0,0.213,60,3,0.0,0
SC-000804,24,Bucaramanga,1,1322000.0,37,3,0.45,0,3,0.372,0
SC-000805,26,Cali,4,1386000.0,56,1,0.232,30,5,0.082,0
SC-000806,32,Bogota,6,1107000.0,34,0,0.239,0,1,0.0,1
SC-000807,24,Barranquilla,3,1000000.0,222,3,0.214,120,2,0.365,1
SC-000808,45,Cartagena,3,1279000.0,45,1,0.057,0,0,0.08,1
SC-000809,19,Medellín,3,1000000.0,22,0,0.172,0,5,0.0,0
SC-000810,27,Bucaramanga,4,1483000.0,70,3,0.06,0,5,0.194,0
SC-000811,24,Bucaramanga,1,1062000.0,8,1,0.185,120,2,0.081,1
SC-000812,47,Bogota,4,1000000.0,23,1,0.401,30,5,0.109,0
SC-000813,32,Bucaramanga,4,3362000.0,20,2,0.046,30,0,0.172,1
SC-000814,42,Bogota,4,1000000.0,27,1,0.175,0,3,0.052,0
SC-000815,18,Bogota,2,1000000.0,73,2,0.173,0,4,0.119,0
SC-000816,33,Bogota,4,3252000.0,31,3,0.374,0,6,0.237,0
SC-000817,40,Bucaramanga,1,1000000.0,75,1,0.142,0,3,0.116,1
SC-000818,30,Barranquilla,2,1000000.0,41,1,0.429,0,3,0.06,0
SC-000819,42,Bogota,5,1000000.0,20,0,0.152,150,2,0.0,0
SC-000820,23,Medellín,4,1631000.0,79,0,0.441,60,4,0.0,1
SC-000821,46,Cali,1,1115000.0,13,2,0.41,0,0,0.142,0
SC-000822,57,Bogota,2,1000000.0,12,0,0.27,0,3,0.0,1
SC-000823,25,Bucaramanga,2,1000000.0,33,2,0.225,60,2,0.113,0
SC-000824,24,Bucaramanga,3,1000000.0,14,0,0.089,0,7,0.0,0
SC-000825,47,Cali,2,1000000.0,0,1,0.272,0,3,0.096,0
SC-000826,48,Bucaramanga,1,1271000.0,50,0,0.443,0,2,0.0,0
SC-000827,23,Medellín,3,1265000.0,34,1,0.109,0,3,0.06,0
SC-000828,24,Bucaramanga,4,1000000.0,28,1,0.45,60,4,0.064,1
SC-000829,26,Barranquilla,4,1864000.0,163,4,0.49,0,3,0.323,0
SC-000830,18,Barranquilla,4,1146000.0,40,2,0.141,0,1,0.253,1
SC-000831,18,Bogota,1,2260000.0,95,3,0.268,0,0,0.242,1
SC-000832,18,Bucaramanga,6,1285000.0,7,0,0.623,30,8,0.0,1
SC-000833,20,Medellín,5,1907000.0,40,1,0.174,0,1,0.08,0
SC-000834,29,Bogota,5,1303000.0,97,2,0.421,0,5,0.116,0
SC-000835,32,Bogota,5,2208000.0,41,3,0.14,120,1,0.432,1
SC-000836,48,Cali,6,1347000.0,60,3,0.239,120,3,0.315,0
SC-000837,18,Cali,4,1000000.0,22,4,0.157,180,1,0.515,1
SC-000838,41,Barranquilla,2,3850000.0,4,0,0.228,60,1,0.0,0
SC-000839,27,Bucaramanga,4,1679000.0,29,0,0.379,0,1,0.0,1
SC-000840,29,Bogota,4,1389000.0,24,3,0.267,0,1,0.177,0
SC-000841,38,Cartagena,4,1000000.0,96,2,0.271,0,1,0.229,0
SC-000842,18,Bogota,4,1000000.0,13,1,0.14,0,3,0.066,1
SC-000843,34,Bucaramanga,1,1174000.0,163,1,0.557,120,2,0.091,1
SC-000844,31,Bucaramanga,3,1074000.0,152,1,0.546,60,9,0.113,0
SC-000845,35,Cali,6,1000000.0,13,3,0.365,30,2,0.385,0
SC-000846,33,Barranquilla,4,1072000.0,20,1,0.671,0,5,0.119,0
SC-000847,59,Medellín,4,2554000.0,108,0,0.395,90,3,0.0,0
SC-000848,22,Medellín,3,1494000.0,163,1,0.031,60,2,0.065,0
SC-000849,23,Bucaramanga,3,1000000.0,28,4,0.093,0,3,0.338,0
SC-000850,22,Medellín,5,1000000.0,18,2,0.177,90,3,0.109,0
SC-000851,23,Medellín,4,1000000.0,35,0,0.379,0,3,0.0,0
SC-000852,22,Cali,5,1000000.0,55,3,0.069,0,2,0.436,1
SC-000853,44,Bucaramanga,3,1000000.0,15,2,0.283,30,5,0.153,1
SC-000854,47,Medellín,4,1000000.0,64,1,0.414,30,3,0.059,0
SC-000855,23,Bogota,2,1000000.0,2,0,0.193,0,2,0.0,0
SC-000856,20,Barranquilla,4,1000000.0,2,3,0.297,0,3,0.407,0
SC-000857,35,Bucaramanga,3,1000000.0,23,3,0.343,180,4,0.316,1
SC-000858,23,Bogota,3,1000000.0,20,2,0.363,30,4,0.109,0
SC-000859,37,Bogota,4,3375000.0,18,2,0.219,30,0,0.295,0
SC-000860,32,Bogota,6,1892000.0,32,1,0.445,0,1,0.133,0
SC-000861,18,Medellín,1,1000000.0,18,2,0.196,0,4,0.126,0
SC-000862,48,Medellín,5,1000000.0,10,3,0.282,0,2,0.427,0
SC-000863,51,Cartagena,3,1000000.0,17,0,0.257,0,4,0.0,0
SC-000864,22,Barranquilla,3,2724000.0,176,2,0.232,0,3,0.174,1
SC-000865,25,Cali,1,3074000.0,25,0,0.307,0,1,0.0,1
SC-000866,33,Medellín,3,1082000.0,28,3,0.509,0,3,0.4,0
SC-000867,34,Bucaramanga,4,1820000.0,41,0,0.06,0,0,0.0,0
SC-000868,37,Medellín,1,1094000.0,196,4,0.238,60,1,0.224,0
SC-000869,54,Bucaramanga,3,1000000.0,13,1,0.097,0,1,0.146,0
SC-000870,27,Barranquilla,6,1000000.0,54,2,0.06,0,3,0.13,0
SC-000871,20,Bogota,2,1066000.0,60,1,0.158,0,2,0.125,0
SC-000872,18,Barranquilla,5,1000000.0,44,2,0.546,0,3,0.227,0
SC-000873,21,Medellín,3,1000000.0,4,2,0.321,0,2,0.138,0
SC-000874,29,Barranquilla,4,1000000.0,54,1,0.207,150,4,0.067,1
SC-000875,51,Bogota,3,1000000.0,3,1,0.169,60,4,0.137,0
SC-000876,23,Bogota,2,1016000.0,43,3,0.345,0,5,0.276,1
SC-000877,32,Bucaramanga,2,1000000.0,64,1,0.259,0,4,0.115,0
SC-000878,29,Bogota,1,1000000.0,11,1,0.218,0,3,0.1,0
SC-000879,44,Bucaramanga,2,1000000.0,88,4,0.085,60,2,0.491,0
SC-000880,60,Bogota,4,1770000.0,1,0,0.137,0,4,0.0,0
SC-000881,23,Barranquilla,5,1000000.0,89,2,0.509,0,0,0.157,0
SC-000882,24,Barranquilla,5,1967000.0,29,2,0.303,60,2,0.173,0
SC-000883,42,Cali,4,2262000.0,11,1,0.135,60,1,0.136,0
SC-000884,38,Medellín,2,1000000.0,6,4,0.332,60,2,0.387,0
SC-000885,52,Bogota,3,1000000.0,147,2,0.437,90,2,0.143,1
SC-000886,37,Bogota,3,1000000.0,3,4,0.171,120,2,0.574,1
SC-000887,25,Medellín,2,1000000.0,10,1,0.233,0,6,0.13,0
SC-000888,37,Barranquilla,4,1000000.0,20,1,0.248,0,6,0.056,0
SC-000889,43,Bucaramanga,4,1000000.0,46,5,0.127,60,3,0.749,0
SC-000890,39,Bucaramanga,3,2466000.0,37,1,0.308,30,3,0.119,0
SC-000891,36,Cartagena,3,1467000.0,6,1,0.134,180,1,0.066,0
SC-000892,42,Cartagena,5,1000000.0,16,1,0.066,0,5,0.074,0
SC-000893,44,Barranquilla,5,1000000.0,13,2,0.131,0,2,0.238,0
SC-000894,46,Bogota,3,1000000.0,11,2,0.297,0,3,0.256,0
SC-000895,37,Bucaramanga,6,1000000.0,25,3,0.135,0,2,0.222,1
SC-000896,27,Barranquilla,6,1326000.0,58,2,0.239,0,2,0.151,0
SC-000897,31,Cali,3,1000000.0,11,3,0.265,30,1,0.242,0
SC-000898,44,Bogota,3,1338000.0,21,3,0.088,0,4,0.329,0
SC-000899,20,Medellín,4,3144000.0,23,4,0.69,30,1,0.269,0
SC-000900,34,Medellín,6,1606000.0,179,1,0.203,30,1,0.06,0
SC-000901,25,Bucaramanga,5,1000000.0,148,2,0.421,0,1,0.236,0
SC-000902,30,Cali,2,1000000.0,77,2,0.238,0,3,0.256,0
SC-000903,45,Medellín,3,1000000.0,13,1,0.416,30,3,0.1,0
SC-000904,32,Bucaramanga,4,1999000.0,3,0,0.377,60,6,0.0,1
SC-000905,30,Bogota,4,1000000.0,18,1,0.265,90,3,0.093,1
SC-000906,18,Medellín,2,1012000.0,14,2,0.069,90,1,0.178,0
SC-000907,38,Bogota,5,1015000.0,33,3,0.549,150,4,0.438,1
SC-000908,37,Cartagena,4,1000000.0,72,2,0.13,0,2,0.254,0
SC-000909,55,Bucaramanga,5,1000000.0,93,1,0.089,90,4,0.071,1
SC-000910,26,Bogota,5,1195000.0,89,1,0.394,60,1,0.088,0
SC-000911,32,Bucaramanga,4,1000000.0,21,0,0.301,90,5,0.0,1
SC-000912,32,Bogota,3,1329000.0,55,2,0.241,0,1,0.223,1
SC-000913,48,Bucaramanga,4,1000000.0,18,2,0.169,150,4,0.194,1
SC-000914,28,Cartagena,2,2048000.0,3,1,0.503,0,7,0.131,1
SC-000915,33,Bucaramanga,4,1000000.0,58,2,0.104,60,3,0.254,0
SC-000916,37,Bogota,2,2750000.0,0,1,0.275,0,2,0.101,1
SC-000917,32,Bucaramanga,4,1000000.0,25,1,0.09,0,2,0.135,0
SC-000918,24,Barranquilla,2,1278000.0,19,1,0.382,0,3,0.125,1
SC-000919,32,Medellín,2,1310000.0,56,2,0.664,0,4,0.256,0
SC-000920,42,Bucaramanga,2,1000000.0,69,4,0.346,0,4,0.583,0
SC-000921,18,Bogota,1,1270000.0,17,2,0.138,60,8,0.153,1
SC-000922,31,Bucaramanga,4,2122000.0,80,1,0.418,0,2,0.077,0
SC-000923,21,Bogota,4,1000000.0,16,0,0.184,0,1,0.0,0
SC-000924,44,Barranquilla,4,1331000.0,28,1,0.161,0,4,0.127,0
SC-000925,18,Cali,2,1000000.0,62,4,0.236,0,4,0.571,0
SC-000926,23,Bogota,1,1000000.0,56,5,0.065,0,8,0.282,1
SC-000927,34,Bogota,1,2617000.0,209,1,0.564,0,2,0.113,0
SC-000928,48,Bogota,2,1000000.0,12,1,0.264,0,1,0.064,0
SC-000929,29,Medellín,5,1000000.0,52,4,0.277,30,3,0.402,0
SC-000930,23,Medellín,2,1000000.0,45,2,0.516,0,4,0.131,1
SC-000931,52,Cali,3,3405000.0,118,3,0.525,0,1,0.188,0
SC-000932,18,Bogota,2,1000000.0,8,3,0.179,0,2,0.154,1
SC-000933,18,Bogota,2,1000000.0,66,2,0.284,150,1,0.226,1
SC-000934,35,Cartagena,4,2418000.0,40,1,0.143,0,3,0.086,0
SC-000935,23,Bogota,4,3001000.0,15,2,0.462,0,1,0.121,0
SC-000936,18,Bucaramanga,2,1000000.0,30,2,0.552,0,1,0.165,0
SC-000937,38,Bucaramanga,1,1000000.0,19,0,0.058,0,4,0.0,0
SC-000938,32,Barranquilla,3,3463000.0,41,3,0.57,0,1,0.433,0
SC-000939,23,Cali,2,2563000.0,105,3,0.113,0,5,0.246,1
SC-000940,18,Bucaramanga,2,1480000.0,40,0,0.195,0,1,0.0,1
SC-000941,40,Bogota,6,1000000.0,47,3,0.086,0,2,0.402,0
SC-000942,37,Bogota,4,1000000.0,35,0,0.333,0,3,0.0,0
SC-000943,28,Bogota,4,1000000.0,2,3,0.117,30,4,0.363,1
SC-000944,52,Cartagena,3,1201000.0,12,0,0.217,180,3,0.0,0
SC-000945,18,Bogota,3,2352000.0,32,2,0.212,0,6,0.289,1
SC-000946,18,Cali,4,1669000.0,17,1,0.044,30,3,0.071,1
SC-000947,21,Bucaramanga,4,1000000.0,9,1,0.339,150,2,0.149,1
SC-000948,29,Bucaramanga,4,2249000.0,33,2,0.03,60,2,0.266,0
SC-000949,32,Cali,2,1188000.0,18,2,0.199,0,4,0.218,1
SC-000950,27,Bogota,4,1487000.0,14,2,0.406,30,2,0.232,1
SC-000951,34,Bucaramanga,3,2374000.0,29,2,0.431,0,1,0.23,0
SC-000952,18,Cali,5,1000000.0,6,1,0.202,0,6,0.056,0
SC-000953,47,Bogota,4,1000000.0,126,2,0.109,0,2,0.144,0
SC-000954,29,Bogota,4,1000000.0,97,3,0.312,0,2,0.438,1
SC-000955,43,Bucaramanga,2,1000000.0,59,2,0.344,0,3,0.207,0
SC-000956,34,Barranquilla,4,1212000.0,5,1,0.387,0,2,0.088,0
SC-000957,35,Bucaramanga,2,4443000.0,71,0,0.251,30,2,0.0,0
SC-000958,36,Bucaramanga,3,1000000.0,79,0,0.421,0,2,0.0,0
SC-000959,35,Cali,2,1000000.0,70,0,0.211,0,3,0.0,0
SC-000960,37,Cali,4,1446000.0,5,0,0.208,0,3,0.0,0
SC-000961,45,Medellín,2,1060000.0,49,2,0.208,0,4,0.246,0
SC-000962,32,Medellín,3,1000000.0,86,2,0.312,0,5,0.133,0
SC-000963,38,Medellín,5,1000000.0,41,2,0.242,150,0,0.291,0
SC-000964,28,Cartagena,2,1132000.0,49,1,0.522,0,1,0.072,0
SC-000965,47,Cali,4,1000000.0,29,1,0.497,0,0,0.096,0
SC-000966,21,Bucaramanga,3,1000000.0,36,2,0.284,90,2,0.123,1
SC-000967,51,Medellín,1,2016000.0,1,0,0.057,0,3,0.0,0
SC-000968,29,Cali,5,1750000.0,48,1,0.559,90,4,0.088,0
SC-000969,18,Barranquilla,1,1016000.0,4,3,0.378,0,3,0.256,0
SC-000970,31,Cali,3,1130000.0,27,0,0.078,0,1,0.0,0
SC-000971,21,Barranquilla,4,1876000.0,16,0,0.408,0,3,0.0,0
SC-000972,40,Bogota,4,1126000.0,37,1,0.059,0,4,0.13,0
SC-000973,22,Cali,4,1694000.0,6,1,0.074,0,3,0.107,0
SC-000974,24,Bogota,3,1000000.0,56,0,0.226,90,1,0.0,0
SC-000975,18,Medellín,1,2163000.0,76,2,0.8,30,0,0.218,0
SC-000976,24,Cali,4,1194000.0,8,2,0.136,30,4,0.111,0
SC-000977,18,Barranquilla,4,1106000.0,5,2,0.549,60,4,0.11,1
SC-000978,18,Bucaramanga,5,1000000.0,7,0,0.415,0,3,0.0,1
SC-000979,39,Cali,5,1170000.0,100,3,0.136,30,2,0.402,0
SC-000980,39,Cartagena,5,1000000.0,36,0,0.316,0,3,0.0,0
SC-000981,35,Cali,3,1000000.0,30,2,0.57,60,2,0.224,1
SC-000982,18,Barranquilla,3,1000000.0,5,3,0.362,0,5,0.297,1
SC-000983,29,Bogota,5,1000000.0,50,4,0.086,30,1,0.587,0
SC-000984,29,Bogota,3,3523000.0,97,2,0.055,90,0,0.29,0
SC-000985,18,Medellín,2,2189000.0,84,1,0.434,0,3,0.148,0
SC-000986,48,Medellín,5,3116000.0,47,1,0.161,0,3,0.137,0
SC-000987,40,Bogota,5,1000000.0,3,5,0.243,0,3,0.705,0
SC-000988,27,Bogota,3,1028000.0,5,3,0.182,0,4,0.215,0
SC-000989,30,Bogota,1,1000000.0,2,3,0.208,30,6,0.399,0
SC-000990,32,Bucaramanga,3,1000000.0,14,1,0.203,120,3,0.121,0
SC-000991,18,Medellín,5,1000000.0,6,0,0.14,0,1,0.0,0
SC-000992,27,Cali,6,2071000.0,14,1,0.37,0,4,0.107,0
SC-000993,21,Bogota,2,1000000.0,23,2,0.416,30,1,0.117,0
SC-000994,18,Cali,1,1869000.0,137,2,0.149,0,2,0.219,1
SC-000995,26,Bogota,5,1415000.0,45,0,0.159,0,1,0.0,0
SC-000996,51,Bogota,3,3922000.0,86,3,0.482,90,4,0.216,0
SC-000997,37,Cali,4,1000000.0,59,2,0.14,30,2,0.179,1
SC-000998,23,Bogota,6,2096000.0,5,3,0.356,0,2,0.33,0
SC-000999,36,Bogota,1,1959000.0,63,3,0.518,0,1,0.262,0
